source_relative_path	archive_relative_path	source_bytes	source_sha256	archive_bytes	archive_sha256	action
assets/concept-images/2026-06-15-feral-cat-shelter-v01/01-standard-sloped-roof-public-shelter.png	references/shelter-v01/standard-sloped-roof-public-shelter-concept-unknown.webp	2364085	73ed0b96b7d78a678d4f391834aa1c98ac9d345700d70a0494c339c5ee136784	112602	30243dc3b495d1e8747aaf64fc667c1c97b68ed35c75666c9fdb1504487f1be4	ffmpeg-8.1.1-libwebp-quality-85-compression-6
assets/concept-images/2026-06-15-feral-cat-shelter-v01/02-exposed-modular-petg-frame.png	references/shelter-v01/exposed-modular-petg-frame-concept-unknown.webp	2051617	5e9f3f551a9e22f282172d0e6b413244386db22188b7d62e27017fa2dd7159fb	86648	865374c2a0a34c79657b976c7296061eb2dab1e3e459876e5140c65ed926ad1e	ffmpeg-8.1.1-libwebp-quality-85-compression-6
assets/concept-images/2026-06-15-feral-cat-shelter-v01/03-cutaway-layered-insulation-structure.png	references/shelter-v01/cutaway-layered-insulation-structure-concept-unknown.webp	2605002	98139c5159c0fb215d0d12c4b4197ffe870cffb0119c2ca3a021dce276ef95e9	147792	7e22f1f78e1476a5ef5b7303fbe47d5b7aae80cfd399672a071f684140e0a25b	ffmpeg-8.1.1-libwebp-quality-85-compression-6
assets/concept-images/2026-06-15-feral-cat-shelter-v01/04-under-eaves-community-placement.png	references/shelter-v01/under-eaves-community-placement-concept-unknown.webp	2782164	2e748a5b01ea7c98cc56dd898177216a15e0f21c501c1c2233c73b5d12a3a201	196696	6a9d62e88553a6cf5a26c307949920b59a9a32b0632d10f9839f2dd283a1f9a0	ffmpeg-8.1.1-libwebp-quality-85-compression-6
assets/concept-images/2026-06-15-feral-cat-shelter-v01/05-windproof-vestibule-entrance.png	references/shelter-v01/windproof-vestibule-entrance-concept-unknown.webp	2671254	cff3efcb62eeda1f76badb80122b12973cbd94893701453dda62332b2fd9aec3	170308	e46db60556674db8eaec904315ea226351eec0cc3521af5f7d5e01e745188c48	ffmpeg-8.1.1-libwebp-quality-85-compression-6
assets/concept-images/2026-06-15-feral-cat-shelter-v01/06-hinged-roof-maintenance-view.png	references/shelter-v01/hinged-roof-maintenance-view-concept-unknown.webp	2567701	38d984e7aa8807eae34ade8793e02680b36be031d54748347ce7a9530f70e6d1	177030	843470d8c15352da932e6fc567489c72df1d7e1bf92ae618689cf61cc2eb8e2b	ffmpeg-8.1.1-libwebp-quality-85-compression-6
assets/concept-images/2026-06-15-feral-cat-shelter-v01/07-seasonal-replaceable-panels.png	references/shelter-v01/seasonal-replaceable-panels-concept-unknown.webp	2231351	71e862caea90655c85fc9130605dcb69482ee0105a47b324664e91f21039829f	97710	d48d0afdc4133fe576f65eabe3803fdc2cf5c3d522c885fb708ddc6f5f66a6d1	ffmpeg-8.1.1-libwebp-quality-85-compression-6
assets/concept-images/2026-06-15-feral-cat-shelter-v01/08-low-cost-board-printed-nodes.png	references/shelter-v01/low-cost-board-printed-nodes-concept-unknown.webp	2202782	0d847480be59fba20245af25fe29641bf98ec1b3955cbe78826c69d933ef9be8	113420	504457c34ea796fb9618179e536526313fc418c578a068c5e23cfdbe76252edc	ffmpeg-8.1.1-libwebp-quality-85-compression-6
assets/concept-images/2026-06-15-feral-cat-shelter-v01/09-rounded-safety-exterior.png	references/shelter-v01/rounded-safety-exterior-concept-unknown.webp	2608625	196adda85d0956fe936ccfa645cb44c6d25f108b195850100ac7b0011020224d	146898	5ed5c648a3d8890178136f5c68c0997561c30c0b2f32928fc675eb7154114fc8	ffmpeg-8.1.1-libwebp-quality-85-compression-6
assets/concept-images/2026-06-15-feral-cat-shelter-v01/10-v01-final-candidate-render.png	references/shelter-v01/v01-final-candidate-render-concept-unknown.webp	2453730	de3c625c142dab226f21fb85f8367e7e15b11b61898d8c03b35c46a66e39070b	146776	7e270f34331ae85c4d58042eb082c4724b99e81a4259462768a9aa97d5ad333f	ffmpeg-8.1.1-libwebp-quality-85-compression-6
assets/concept-images/2026-06-15-feral-cat-shelter-v01/README.md	references/shelter-v01/shelter-v01-notes-unknown.md	1437	239c7c869dea35066373a8850eabbc106c7e9787b0b984536f183a172525ae0e	1437	239c7c869dea35066373a8850eabbc106c7e9787b0b984536f183a172525ae0e	byte-copy
assets/concept-images/2026-06-15-feral-cat-shelter-v02-a-plus-plus-cute/01-rounded-public-shelter.png	references/shelter-v02-cute/rounded-public-shelter-concept-unknown.webp	2497267	46623740f2bdeaf473ea19107682e017091facd4bcf547c97528ad2b7df0870f	137974	8fbec320935daa9c719240a0e6af30edd6d0770e7a436c447dbc3f5717f73aa5	ffmpeg-8.1.1-libwebp-quality-85-compression-6
assets/concept-images/2026-06-15-feral-cat-shelter-v02-a-plus-plus-cute/02-soft-modular-joinery.png	references/shelter-v02-cute/soft-modular-joinery-concept-unknown.webp	2405645	98b6c017a58db30399838eabf6e5231c02e090bd4a8623c85598f5a91501b876	118872	e4d1c6a764610eaf226407d6a1d9aca16f53807474056b4636b26cdc175ecbf7	ffmpeg-8.1.1-libwebp-quality-85-compression-6
assets/concept-images/2026-06-15-feral-cat-shelter-v02-a-plus-plus-cute/03-warm-community-placement.png	references/shelter-v02-cute/warm-community-placement-concept-unknown.webp	3021666	820066516fdbdcf05d808a7bd38601feef5b949e29c6556309897d252c37abad	260592	7175010c8f6ec9e95f646d0857491d86da30c46330a8c68c48fced40c572364b	ffmpeg-8.1.1-libwebp-quality-85-compression-6
assets/concept-images/2026-06-15-feral-cat-shelter-v02-a-plus-plus-cute/04-cute-practical-maintenance.png	references/shelter-v02-cute/cute-practical-maintenance-concept-unknown.webp	2353690	069314f36f784f4b1a0a5212dd78709785640809435ff8d2f1e187bec18ec819	123596	9dfa9cfa5e4638deee1104989a6bf39d7d377db112a52e523df08e49e02b2f38	ffmpeg-8.1.1-libwebp-quality-85-compression-6
assets/concept-images/2026-06-15-feral-cat-shelter-v02-a-plus-plus-cute/README.md	references/shelter-v02-cute/shelter-v02-cute-notes-unknown.md	1590	8396f56e2e209f5ef707f5190b8b4ae9a987d20e0f6f52df73a5b3c0c1b60278	1590	8396f56e2e209f5ef707f5190b8b4ae9a987d20e0f6f52df73a5b3c0c1b60278	byte-copy
assets/concept-images/2026-06-15-feral-cat-shelter-v03-cat-elements/01-cat-ear-roofline-shelter.png	references/shelter-v03-cat-elements/cat-ear-roofline-shelter-concept-unknown.webp	2464786	dd968ed089057e334da2f6b21e3be0efe0d34355988ac22ec750063ea9648c21	119108	598bc74c111e1fa2543d71fc06c7f3ce2d31c61fb7b026ec0935fe554e1d9013	ffmpeg-8.1.1-libwebp-quality-85-compression-6
assets/concept-images/2026-06-15-feral-cat-shelter-v03-cat-elements/02-cat-head-entrance-shelter.png	references/shelter-v03-cat-elements/cat-head-entrance-shelter-concept-unknown.webp	2727611	57f776393c2a4c3de286b0e20a4e77ce1bcd38717c1dea6ccca45e3d77c1021f	180798	9c33b35ae806b78467d9ca35cc60dbe784d5ff124b17118e313b2d86c48ac6f4	ffmpeg-8.1.1-libwebp-quality-85-compression-6
assets/concept-images/2026-06-15-feral-cat-shelter-v03-cat-elements/03-tail-handle-maintenance-shelter.png	references/shelter-v03-cat-elements/tail-handle-maintenance-shelter-concept-unknown.webp	2270669	68769b78c7bbe0ebec6852215f76b84a2d0021f4bc40d2bb999f7eb66633ad0d	98464	a63692fe3a09e5aee15d264b9ad3cc8123600e4a10614d48ce55ad5769c764ba	ffmpeg-8.1.1-libwebp-quality-85-compression-6
assets/concept-images/2026-06-15-feral-cat-shelter-v03-cat-elements/04-integrated-cat-motif-final-candidate.png	references/shelter-v03-cat-elements/integrated-cat-motif-final-candidate-concept-unknown.webp	2658299	3a8307957fdae07b07ce502fbfac4c065d6267df947abd175a0ee0aaf4ea5731	160910	117a3fdcb72f529c80e62c97e174a337cda7b821b022ff8052559a6fdef2e1e9	ffmpeg-8.1.1-libwebp-quality-85-compression-6
assets/concept-images/2026-06-15-feral-cat-shelter-v03-cat-elements/README.md	references/shelter-v03-cat-elements/shelter-v03-cat-elements-notes-unknown.md	1698	f6e8e294f0ffbf8224c714a5df76169eb8826275452d8e8c6abaee3c4f692c72	1698	f6e8e294f0ffbf8224c714a5df76169eb8826275452d8e8c6abaee3c4f692c72	byte-copy
plans/feral-cat-shelter-plan_v1.0.md	docs/design-plan-v1.md	20174	a56f66ed1bb94d7565f898b435712b5160a7bc469e2ec583e6e2995103082c03	20142	785dd076901f132bcce91140601d5456de6458334b6fb848c27443a90f1ca4ab	update-related-link-and-normalize-lf
